<annotation>
	<folder>train</folder>
	<filename>plate_00406.jpg</filename>
	<path>C:\Users\henri\Desktop\Trabalho_Semparar\Placa\image\train\plate_00406.jpg</path>
	<source>
		<database>Unknown</database>
	</source>
	<size>
		<width>140</width>
		<height>40</height>
		<depth>1</depth>
	</size>
	<segmented>0</segmented>
	<object>
		<name>F</name>
		<pose>Unspecified</pose>
		<truncated>0</truncated>
		<difficult>0</difficult>
		<bndbox>
			<xmin>18</xmin>
			<ymin>12</ymin>
			<xmax>35</xmax>
			<ymax>30</ymax>
		</bndbox>
	</object>
	<object>
		<name>N</name>
		<pose>Unspecified</pose>
		<truncated>0</truncated>
		<difficult>0</difficult>
		<bndbox>
			<xmin>32</xmin>
			<ymin>13</ymin>
			<xmax>49</xmax>
			<ymax>31</ymax>
		</bndbox>
	</object>
	<object>
		<name>V</name>
		<pose>Unspecified</pose>
		<truncated>0</truncated>
		<difficult>0</difficult>
		<bndbox>
			<xmin>48</xmin>
			<ymin>14</ymin>
			<xmax>62</xmax>
			<ymax>31</ymax>
		</bndbox>
	</object>
	<object>
		<name>6</name>
		<pose>Unspecified</pose>
		<truncated>0</truncated>
		<difficult>0</difficult>
		<bndbox>
			<xmin>67</xmin>
			<ymin>15</ymin>
			<xmax>82</xmax>
			<ymax>32</ymax>
		</bndbox>
	</object>
	<object>
		<name>5</name>
		<pose>Unspecified</pose>
		<truncated>0</truncated>
		<difficult>0</difficult>
		<bndbox>
			<xmin>80</xmin>
			<ymin>15</ymin>
			<xmax>95</xmax>
			<ymax>32</ymax>
		</bndbox>
	</object>
	<object>
		<name>6</name>
		<pose>Unspecified</pose>
		<truncated>0</truncated>
		<difficult>0</difficult>
		<bndbox>
			<xmin>94</xmin>
			<ymin>15</ymin>
			<xmax>109</xmax>
			<ymax>33</ymax>
		</bndbox>
	</object>
	<object>
		<name>5</name>
		<pose>Unspecified</pose>
		<truncated>0</truncated>
		<difficult>0</difficult>
		<bndbox>
			<xmin>108</xmin>
			<ymin>15</ymin>
			<xmax>123</xmax>
			<ymax>34</ymax>
		</bndbox>
	</object>
</annotation>
