<annotation>
	<folder>train</folder>
	<filename>plate_00398.jpg</filename>
	<path>C:\Users\henri\Desktop\Trabalho_Semparar\Placa\image\train\plate_00398.jpg</path>
	<source>
		<database>Unknown</database>
	</source>
	<size>
		<width>140</width>
		<height>40</height>
		<depth>1</depth>
	</size>
	<segmented>0</segmented>
	<object>
		<name>F</name>
		<pose>Unspecified</pose>
		<truncated>0</truncated>
		<difficult>0</difficult>
		<bndbox>
			<xmin>10</xmin>
			<ymin>15</ymin>
			<xmax>28</xmax>
			<ymax>31</ymax>
		</bndbox>
	</object>
	<object>
		<name>J</name>
		<pose>Unspecified</pose>
		<truncated>0</truncated>
		<difficult>0</difficult>
		<bndbox>
			<xmin>27</xmin>
			<ymin>16</ymin>
			<xmax>43</xmax>
			<ymax>32</ymax>
		</bndbox>
	</object>
	<object>
		<name>R</name>
		<pose>Unspecified</pose>
		<truncated>0</truncated>
		<difficult>0</difficult>
		<bndbox>
			<xmin>43</xmin>
			<ymin>16</ymin>
			<xmax>57</xmax>
			<ymax>33</ymax>
		</bndbox>
	</object>
	<object>
		<name>2</name>
		<pose>Unspecified</pose>
		<truncated>0</truncated>
		<difficult>0</difficult>
		<bndbox>
			<xmin>62</xmin>
			<ymin>16</ymin>
			<xmax>75</xmax>
			<ymax>32</ymax>
		</bndbox>
	</object>
	<object>
		<name>1</name>
		<pose>Unspecified</pose>
		<truncated>0</truncated>
		<difficult>0</difficult>
		<bndbox>
			<xmin>76</xmin>
			<ymin>16</ymin>
			<xmax>89</xmax>
			<ymax>33</ymax>
		</bndbox>
	</object>
	<object>
		<name>9</name>
		<pose>Unspecified</pose>
		<truncated>0</truncated>
		<difficult>0</difficult>
		<bndbox>
			<xmin>89</xmin>
			<ymin>17</ymin>
			<xmax>106</xmax>
			<ymax>34</ymax>
		</bndbox>
	</object>
	<object>
		<name>3</name>
		<pose>Unspecified</pose>
		<truncated>0</truncated>
		<difficult>0</difficult>
		<bndbox>
			<xmin>106</xmin>
			<ymin>17</ymin>
			<xmax>120</xmax>
			<ymax>35</ymax>
		</bndbox>
	</object>
</annotation>
