<annotation>
	<folder>train</folder>
	<filename>plate_00337.jpg</filename>
	<path>C:\Users\henri\Desktop\Trabalho_Semparar\Placa\image\train\plate_00337.jpg</path>
	<source>
		<database>Unknown</database>
	</source>
	<size>
		<width>140</width>
		<height>40</height>
		<depth>1</depth>
	</size>
	<segmented>0</segmented>
	<object>
		<name>E</name>
		<pose>Unspecified</pose>
		<truncated>0</truncated>
		<difficult>0</difficult>
		<bndbox>
			<xmin>28</xmin>
			<ymin>14</ymin>
			<xmax>41</xmax>
			<ymax>31</ymax>
		</bndbox>
	</object>
	<object>
		<name>Z</name>
		<pose>Unspecified</pose>
		<truncated>0</truncated>
		<difficult>0</difficult>
		<bndbox>
			<xmin>40</xmin>
			<ymin>14</ymin>
			<xmax>53</xmax>
			<ymax>30</ymax>
		</bndbox>
	</object>
	<object>
		<name>A</name>
		<pose>Unspecified</pose>
		<truncated>0</truncated>
		<difficult>0</difficult>
		<bndbox>
			<xmin>52</xmin>
			<ymin>14</ymin>
			<xmax>63</xmax>
			<ymax>29</ymax>
		</bndbox>
	</object>
	<object>
		<name>0</name>
		<pose>Unspecified</pose>
		<truncated>0</truncated>
		<difficult>0</difficult>
		<bndbox>
			<xmin>67</xmin>
			<ymin>13</ymin>
			<xmax>80</xmax>
			<ymax>30</ymax>
		</bndbox>
	</object>
	<object>
		<name>7</name>
		<pose>Unspecified</pose>
		<truncated>0</truncated>
		<difficult>0</difficult>
		<bndbox>
			<xmin>78</xmin>
			<ymin>14</ymin>
			<xmax>89</xmax>
			<ymax>31</ymax>
		</bndbox>
	</object>
	<object>
		<name>8</name>
		<pose>Unspecified</pose>
		<truncated>0</truncated>
		<difficult>0</difficult>
		<bndbox>
			<xmin>89</xmin>
			<ymin>15</ymin>
			<xmax>101</xmax>
			<ymax>32</ymax>
		</bndbox>
	</object>
	<object>
		<name>7</name>
		<pose>Unspecified</pose>
		<truncated>0</truncated>
		<difficult>0</difficult>
		<bndbox>
			<xmin>100</xmin>
			<ymin>14</ymin>
			<xmax>112</xmax>
			<ymax>30</ymax>
		</bndbox>
	</object>
</annotation>
