<annotation>
	<folder>imagens</folder>
	<filename>00002.jpg</filename>
	<path>C:\Users\henrique.morais\Desktop\Plate detection\imagens\00002.jpg</path>
	<source>
		<database>Unknown</database>
	</source>
	<size>
		<width>731</width>
		<height>378</height>
		<depth>3</depth>
	</size>
	<segmented>0</segmented>
	<object>
		<name>placa</name>
		<pose>Unspecified</pose>
		<truncated>0</truncated>
		<difficult>0</difficult>
		<bndbox>
			<xmin>388</xmin>
			<ymin>225</ymin>
			<xmax>557</xmax>
			<ymax>281</ymax>
		</bndbox>
	</object>
</annotation>
