<annotation>
	<folder>imagens</folder>
	<filename>00014.jpg</filename>
	<path>C:\Users\henrique.morais\Desktop\Plate detection\imagens\00014.jpg</path>
	<source>
		<database>Unknown</database>
	</source>
	<size>
		<width>800</width>
		<height>600</height>
		<depth>3</depth>
	</size>
	<segmented>0</segmented>
	<object>
		<name>placa</name>
		<pose>Unspecified</pose>
		<truncated>0</truncated>
		<difficult>0</difficult>
		<bndbox>
			<xmin>406</xmin>
			<ymin>174</ymin>
			<xmax>557</xmax>
			<ymax>217</ymax>
		</bndbox>
	</object>
</annotation>
