<annotation>
	<folder>imagens</folder>
	<filename>00284.jpg</filename>
	<path>C:\Users\henrique.morais\Desktop\Plate detection\imagens\00284.jpg</path>
	<source>
		<database>Unknown</database>
	</source>
	<size>
		<width>752</width>
		<height>480</height>
		<depth>3</depth>
	</size>
	<segmented>0</segmented>
	<object>
		<name>placa</name>
		<pose>Unspecified</pose>
		<truncated>0</truncated>
		<difficult>0</difficult>
		<bndbox>
			<xmin>342</xmin>
			<ymin>337</ymin>
			<xmax>506</xmax>
			<ymax>397</ymax>
		</bndbox>
	</object>
</annotation>
