<annotation>
	<folder>imagens</folder>
	<filename>00339.jpg</filename>
	<path>C:\Users\henrique.morais\Desktop\Plate detection\imagens\00339.jpg</path>
	<source>
		<database>Unknown</database>
	</source>
	<size>
		<width>752</width>
		<height>480</height>
		<depth>3</depth>
	</size>
	<segmented>0</segmented>
	<object>
		<name>placa</name>
		<pose>Unspecified</pose>
		<truncated>0</truncated>
		<difficult>0</difficult>
		<bndbox>
			<xmin>207</xmin>
			<ymin>210</ymin>
			<xmax>351</xmax>
			<ymax>280</ymax>
		</bndbox>
	</object>
</annotation>
