<annotation>
	<folder>train</folder>
	<filename>plate_00224.jpg</filename>
	<path>C:\Users\henri\Desktop\Trabalho_Semparar\Placa\image\train\plate_00224.jpg</path>
	<source>
		<database>Unknown</database>
	</source>
	<size>
		<width>140</width>
		<height>40</height>
		<depth>1</depth>
	</size>
	<segmented>0</segmented>
	<object>
		<name>E</name>
		<pose>Unspecified</pose>
		<truncated>0</truncated>
		<difficult>0</difficult>
		<bndbox>
			<xmin>14</xmin>
			<ymin>11</ymin>
			<xmax>27</xmax>
			<ymax>32</ymax>
		</bndbox>
	</object>
	<object>
		<name>A</name>
		<pose>Unspecified</pose>
		<truncated>0</truncated>
		<difficult>0</difficult>
		<bndbox>
			<xmin>27</xmin>
			<ymin>11</ymin>
			<xmax>41</xmax>
			<ymax>34</ymax>
		</bndbox>
	</object>
	<object>
		<name>F</name>
		<pose>Unspecified</pose>
		<truncated>0</truncated>
		<difficult>0</difficult>
		<bndbox>
			<xmin>41</xmin>
			<ymin>11</ymin>
			<xmax>56</xmax>
			<ymax>34</ymax>
		</bndbox>
	</object>
	<object>
		<name>9</name>
		<pose>Unspecified</pose>
		<truncated>0</truncated>
		<difficult>0</difficult>
		<bndbox>
			<xmin>58</xmin>
			<ymin>12</ymin>
			<xmax>75</xmax>
			<ymax>32</ymax>
		</bndbox>
	</object>
	<object>
		<name>8</name>
		<pose>Unspecified</pose>
		<truncated>0</truncated>
		<difficult>0</difficult>
		<bndbox>
			<xmin>75</xmin>
			<ymin>15</ymin>
			<xmax>88</xmax>
			<ymax>34</ymax>
		</bndbox>
	</object>
	<object>
		<name>8</name>
		<pose>Unspecified</pose>
		<truncated>0</truncated>
		<difficult>0</difficult>
		<bndbox>
			<xmin>88</xmin>
			<ymin>15</ymin>
			<xmax>104</xmax>
			<ymax>34</ymax>
		</bndbox>
	</object>
	<object>
		<name>9</name>
		<pose>Unspecified</pose>
		<truncated>0</truncated>
		<difficult>0</difficult>
		<bndbox>
			<xmin>104</xmin>
			<ymin>15</ymin>
			<xmax>117</xmax>
			<ymax>35</ymax>
		</bndbox>
	</object>
</annotation>
