<annotation>
	<folder>train</folder>
	<filename>plate_00092.jpg</filename>
	<path>C:\Users\henri\Desktop\Trabalho_Semparar\Placa\image\train\plate_00092.jpg</path>
	<source>
		<database>Unknown</database>
	</source>
	<size>
		<width>140</width>
		<height>40</height>
		<depth>1</depth>
	</size>
	<segmented>0</segmented>
	<object>
		<name>F</name>
		<pose>Unspecified</pose>
		<truncated>0</truncated>
		<difficult>0</difficult>
		<bndbox>
			<xmin>12</xmin>
			<ymin>12</ymin>
			<xmax>28</xmax>
			<ymax>36</ymax>
		</bndbox>
	</object>
	<object>
		<name>W</name>
		<pose>Unspecified</pose>
		<truncated>0</truncated>
		<difficult>0</difficult>
		<bndbox>
			<xmin>28</xmin>
			<ymin>11</ymin>
			<xmax>47</xmax>
			<ymax>36</ymax>
		</bndbox>
	</object>
	<object>
		<name>U</name>
		<pose>Unspecified</pose>
		<truncated>0</truncated>
		<difficult>0</difficult>
		<bndbox>
			<xmin>44</xmin>
			<ymin>10</ymin>
			<xmax>62</xmax>
			<ymax>34</ymax>
		</bndbox>
	</object>
	<object>
		<name>7</name>
		<pose>Unspecified</pose>
		<truncated>0</truncated>
		<difficult>0</difficult>
		<bndbox>
			<xmin>69</xmin>
			<ymin>11</ymin>
			<xmax>84</xmax>
			<ymax>38</ymax>
		</bndbox>
	</object>
	<object>
		<name>9</name>
		<pose>Unspecified</pose>
		<truncated>0</truncated>
		<difficult>0</difficult>
		<bndbox>
			<xmin>83</xmin>
			<ymin>12</ymin>
			<xmax>100</xmax>
			<ymax>37</ymax>
		</bndbox>
	</object>
	<object>
		<name>8</name>
		<pose>Unspecified</pose>
		<truncated>0</truncated>
		<difficult>0</difficult>
		<bndbox>
			<xmin>101</xmin>
			<ymin>12</ymin>
			<xmax>116</xmax>
			<ymax>38</ymax>
		</bndbox>
	</object>
	<object>
		<name>1</name>
		<pose>Unspecified</pose>
		<truncated>0</truncated>
		<difficult>0</difficult>
		<bndbox>
			<xmin>116</xmin>
			<ymin>13</ymin>
			<xmax>134</xmax>
			<ymax>38</ymax>
		</bndbox>
	</object>
</annotation>
