<annotation verified="yes">
	<folder>img_ok</folder>
	<filename>000097.jpg</filename>
	<path>C:\Users\henri\Desktop\Trabalho_Semparar\placa_v2\img_ok\000097.jpg</path>
	<source>
		<database>Unknown</database>
	</source>
	<size>
		<width>113</width>
		<height>82</height>
		<depth>1</depth>
	</size>
	<segmented>0</segmented>
	<object>
		<name>placa</name>
		<pose>Unspecified</pose>
		<truncated>0</truncated>
		<difficult>0</difficult>
		<bndbox>
			<xmin>13</xmin>
			<ymin>23</ymin>
			<xmax>95</xmax>
			<ymax>58</ymax>
		</bndbox>
	</object>
</annotation>
