<annotation>
	<folder>img_ok</folder>
	<filename>000016.jpg</filename>
	<path>C:\Users\henri\Desktop\Trabalho_Semparar\placa_v2\img_ok\000016.jpg</path>
	<source>
		<database>Unknown</database>
	</source>
	<size>
		<width>183</width>
		<height>99</height>
		<depth>3</depth>
	</size>
	<segmented>0</segmented>
	<object>
		<name>placa</name>
		<pose>Unspecified</pose>
		<truncated>0</truncated>
		<difficult>0</difficult>
		<bndbox>
			<xmin>22</xmin>
			<ymin>34</ymin>
			<xmax>172</xmax>
			<ymax>78</ymax>
		</bndbox>
	</object>
</annotation>
