<annotation verified="yes">
	<folder>img_ok</folder>
	<filename>000068.jpg</filename>
	<path>C:\Users\henri\Desktop\Trabalho_Semparar\placa_v2\img_ok\000068.jpg</path>
	<source>
		<database>Unknown</database>
	</source>
	<size>
		<width>121</width>
		<height>76</height>
		<depth>3</depth>
	</size>
	<segmented>0</segmented>
	<object>
		<name>placa</name>
		<pose>Unspecified</pose>
		<truncated>0</truncated>
		<difficult>0</difficult>
		<bndbox>
			<xmin>14</xmin>
			<ymin>16</ymin>
			<xmax>106</xmax>
			<ymax>57</ymax>
		</bndbox>
	</object>
</annotation>
