<annotation verified="yes">
	<folder>img_ok</folder>
	<filename>000109.jpg</filename>
	<path>C:\Users\henri\Desktop\Trabalho_Semparar\placa_v2\img_ok\000109.jpg</path>
	<source>
		<database>Unknown</database>
	</source>
	<size>
		<width>139</width>
		<height>87</height>
		<depth>3</depth>
	</size>
	<segmented>0</segmented>
	<object>
		<name>placa</name>
		<pose>Unspecified</pose>
		<truncated>0</truncated>
		<difficult>0</difficult>
		<bndbox>
			<xmin>15</xmin>
			<ymin>24</ymin>
			<xmax>120</xmax>
			<ymax>67</ymax>
		</bndbox>
	</object>
</annotation>
