<annotation verified="yes">
	<folder>img_ok</folder>
	<filename>000132.jpg</filename>
	<path>C:\Users\henri\Desktop\Trabalho_Semparar\placa_v2\img_ok\000132.jpg</path>
	<source>
		<database>Unknown</database>
	</source>
	<size>
		<width>141</width>
		<height>104</height>
		<depth>3</depth>
	</size>
	<segmented>0</segmented>
	<object>
		<name>placa</name>
		<pose>Unspecified</pose>
		<truncated>0</truncated>
		<difficult>0</difficult>
		<bndbox>
			<xmin>35</xmin>
			<ymin>37</ymin>
			<xmax>121</xmax>
			<ymax>69</ymax>
		</bndbox>
	</object>
</annotation>
