<annotation verified="yes">
	<folder>img_ok</folder>
	<filename>000100.jpg</filename>
	<path>C:\Users\henri\Desktop\Trabalho_Semparar\placa_v2\img_ok\000100.jpg</path>
	<source>
		<database>Unknown</database>
	</source>
	<size>
		<width>171</width>
		<height>108</height>
		<depth>1</depth>
	</size>
	<segmented>0</segmented>
	<object>
		<name>placa</name>
		<pose>Unspecified</pose>
		<truncated>0</truncated>
		<difficult>0</difficult>
		<bndbox>
			<xmin>28</xmin>
			<ymin>24</ymin>
			<xmax>146</xmax>
			<ymax>75</ymax>
		</bndbox>
	</object>
</annotation>
