<annotation verified="yes">
	<folder>img_ok</folder>
	<filename>000140.jpg</filename>
	<path>C:\Users\henri\Desktop\Trabalho_Semparar\placa_v2\img_ok\000140.jpg</path>
	<source>
		<database>Unknown</database>
	</source>
	<size>
		<width>126</width>
		<height>75</height>
		<depth>1</depth>
	</size>
	<segmented>0</segmented>
	<object>
		<name>placa</name>
		<pose>Unspecified</pose>
		<truncated>0</truncated>
		<difficult>0</difficult>
		<bndbox>
			<xmin>29</xmin>
			<ymin>25</ymin>
			<xmax>94</xmax>
			<ymax>54</ymax>
		</bndbox>
	</object>
</annotation>
