<annotation verified="yes">
	<folder>img_ok</folder>
	<filename>000164.jpg</filename>
	<path>C:\Users\henri\Desktop\Trabalho_Semparar\placa_v2\img_ok\000164.jpg</path>
	<source>
		<database>Unknown</database>
	</source>
	<size>
		<width>132</width>
		<height>80</height>
		<depth>1</depth>
	</size>
	<segmented>0</segmented>
	<object>
		<name>placa</name>
		<pose>Unspecified</pose>
		<truncated>0</truncated>
		<difficult>0</difficult>
		<bndbox>
			<xmin>8</xmin>
			<ymin>21</ymin>
			<xmax>118</xmax>
			<ymax>61</ymax>
		</bndbox>
	</object>
</annotation>
