<annotation verified="yes">
	<folder>img_ok</folder>
	<filename>000219.jpg</filename>
	<path>C:\Users\henri\Desktop\Trabalho_Semparar\placa_v2\img_ok\000219.jpg</path>
	<source>
		<database>Unknown</database>
	</source>
	<size>
		<width>166</width>
		<height>107</height>
		<depth>3</depth>
	</size>
	<segmented>0</segmented>
	<object>
		<name>placa</name>
		<pose>Unspecified</pose>
		<truncated>0</truncated>
		<difficult>0</difficult>
		<bndbox>
			<xmin>29</xmin>
			<ymin>18</ymin>
			<xmax>135</xmax>
			<ymax>91</ymax>
		</bndbox>
	</object>
</annotation>
