<annotation verified="yes">
	<folder>img_ok</folder>
	<filename>000238.jpg</filename>
	<path>C:\Users\henri\Desktop\Trabalho_Semparar\placa_v2\img_ok\000238.jpg</path>
	<source>
		<database>Unknown</database>
	</source>
	<size>
		<width>125</width>
		<height>105</height>
		<depth>3</depth>
	</size>
	<segmented>0</segmented>
	<object>
		<name>placa</name>
		<pose>Unspecified</pose>
		<truncated>1</truncated>
		<difficult>0</difficult>
		<bndbox>
			<xmin>29</xmin>
			<ymin>29</ymin>
			<xmax>125</xmax>
			<ymax>75</ymax>
		</bndbox>
	</object>
</annotation>
