<annotation verified="yes">
	<folder>img_ok</folder>
	<filename>000299.jpg</filename>
	<path>C:\Users\henri\Desktop\Trabalho_Semparar\placa_v2\img_ok\000299.jpg</path>
	<source>
		<database>Unknown</database>
	</source>
	<size>
		<width>157</width>
		<height>114</height>
		<depth>3</depth>
	</size>
	<segmented>0</segmented>
	<object>
		<name>placa</name>
		<pose>Unspecified</pose>
		<truncated>0</truncated>
		<difficult>0</difficult>
		<bndbox>
			<xmin>7</xmin>
			<ymin>27</ymin>
			<xmax>152</xmax>
			<ymax>81</ymax>
		</bndbox>
	</object>
</annotation>
