<annotation verified="yes">
	<folder>img_ok</folder>
	<filename>000262.jpg</filename>
	<path>C:\Users\henri\Desktop\Trabalho_Semparar\placa_v2\img_ok\000262.jpg</path>
	<source>
		<database>Unknown</database>
	</source>
	<size>
		<width>109</width>
		<height>76</height>
		<depth>3</depth>
	</size>
	<segmented>0</segmented>
	<object>
		<name>placa</name>
		<pose>Unspecified</pose>
		<truncated>0</truncated>
		<difficult>0</difficult>
		<bndbox>
			<xmin>20</xmin>
			<ymin>26</ymin>
			<xmax>83</xmax>
			<ymax>53</ymax>
		</bndbox>
	</object>
</annotation>
