<annotation verified="yes">
	<folder>img_ok</folder>
	<filename>000399.jpg</filename>
	<path>C:\Users\henri\Desktop\Trabalho_Semparar\placa_v2\img_ok\000399.jpg</path>
	<source>
		<database>Unknown</database>
	</source>
	<size>
		<width>248</width>
		<height>94</height>
		<depth>3</depth>
	</size>
	<segmented>0</segmented>
	<object>
		<name>placa</name>
		<pose>Unspecified</pose>
		<truncated>0</truncated>
		<difficult>0</difficult>
		<bndbox>
			<xmin>48</xmin>
			<ymin>23</ymin>
			<xmax>205</xmax>
			<ymax>70</ymax>
		</bndbox>
	</object>
</annotation>
