<annotation verified="yes">
	<folder>img_ok</folder>
	<filename>000362.jpg</filename>
	<path>C:\Users\henri\Desktop\Trabalho_Semparar\placa_v2\img_ok\000362.jpg</path>
	<source>
		<database>Unknown</database>
	</source>
	<size>
		<width>186</width>
		<height>109</height>
		<depth>3</depth>
	</size>
	<segmented>0</segmented>
	<object>
		<name>placa</name>
		<pose>Unspecified</pose>
		<truncated>0</truncated>
		<difficult>0</difficult>
		<bndbox>
			<xmin>24</xmin>
			<ymin>35</ymin>
			<xmax>163</xmax>
			<ymax>71</ymax>
		</bndbox>
	</object>
</annotation>
