<annotation verified="yes">
	<folder>img_ok</folder>
	<filename>000384.jpg</filename>
	<path>C:\Users\henri\Desktop\Trabalho_Semparar\placa_v2\img_ok\000384.jpg</path>
	<source>
		<database>Unknown</database>
	</source>
	<size>
		<width>211</width>
		<height>117</height>
		<depth>3</depth>
	</size>
	<segmented>0</segmented>
	<object>
		<name>placa</name>
		<pose>Unspecified</pose>
		<truncated>0</truncated>
		<difficult>0</difficult>
		<bndbox>
			<xmin>17</xmin>
			<ymin>15</ymin>
			<xmax>196</xmax>
			<ymax>100</ymax>
		</bndbox>
	</object>
</annotation>
