<annotation verified="yes">
	<folder>img_ok</folder>
	<filename>000509.jpg</filename>
	<path>C:\Users\henri\Desktop\Trabalho_Semparar\placa_v2\img_ok\000509.jpg</path>
	<source>
		<database>Unknown</database>
	</source>
	<size>
		<width>156</width>
		<height>93</height>
		<depth>1</depth>
	</size>
	<segmented>0</segmented>
	<object>
		<name>placa</name>
		<pose>Unspecified</pose>
		<truncated>0</truncated>
		<difficult>0</difficult>
		<bndbox>
			<xmin>15</xmin>
			<ymin>24</ymin>
			<xmax>147</xmax>
			<ymax>70</ymax>
		</bndbox>
	</object>
</annotation>
